{"dataFormat":"JSON","deviceType":"Default","manufacturerId":"tk","manufacturerName":"tk","model":"tkzssw_charging_pile","productName":"tk_充电桩","productSerial":"EkwtkAI26261","productType":0,"protocolType":"MQTT","remark":"","services":[{"commands":[],"description":"","properties":[{"dataEnum":"{}","datatype":"decimal","description":"电压","enumlist":"","max":"65536","maxlength":10,"method":"R","min":"0","name":"UU","required":0,"step":"1","unit":""},{"dataEnum":"{}","datatype":"decimal","description":"电流","enumlist":"","max":"65536","maxlength":10,"method":"R","min":"0","name":"II","required":0,"step":"1","unit":""},{"dataEnum":"{}","datatype":"decimal","description":"总电能","enumlist":"","max":"65536","maxlength":10,"method":"R","min":"0","name":"EE","required":0,"step":"1","unit":""},{"dataEnum":"{}","datatype":"decimal","description":"电能尖峰值","enumlist":"","max":"65536","maxlength":10,"method":"R","min":"0","name":"E_crest","required":0,"step":"1","unit":""},{"dataEnum":"{}","datatype":"decimal","description":"电能平值","enumlist":"","max":"65536","maxlength":10,"method":"R","min":"0","name":"E_usual","required":0,"step":"1","unit":""},{"dataEnum":"{}","datatype":"decimal","description":"电能低谷值","enumlist":"","max":"65536","maxlength":10,"method":"R","min":"0","name":"E_trough","required":0,"step":"1","unit":""},{"dataEnum":"{}","datatype":"decimal","description":"充电头温度","enumlist":"","max":"65536","maxlength":10,"method":"R","min":"0","name":"TT","required":0,"step":"1","unit":""},{"dataEnum":"{}","datatype":"decimal","description":"充电功率","enumlist":"","max":"65536","maxlength":10,"method":"R","min":"0","name":"PP","required":0,"step":"1","unit":""},{"dataEnum":"{}","datatype":"int","description":"充电头连接状态","enumlist":"","max":"65536","maxlength":10,"method":"R","min":"0","name":"plug_state","required":0,"step":"1","unit":""},{"dataEnum":"{}","datatype":"int","description":"充电头充电状态","enumlist":"","max":"65536","maxlength":10,"method":"R","min":"0","name":"charge_state","required":0,"step":"1","unit":""}],"serviceId":"tk_yc_charging_pile","status":0}],"status":0,"version":""}