{"dataFormat":"JSON","deviceType":"Default","manufacturerId":"tk","manufacturerName":"tk","model":"tkzssw_smart_switch","productName":"tk_智能开关","productSerial":"9rjsRaPf6263","productType":0,"protocolType":"MQTT","remark":"","services":[{"commands":[],"description":"","properties":[{"dataEnum":"{}","datatype":"decimal","description":"A相电压","enumlist":"","max":"65536","maxlength":10,"method":"R","min":"0","name":"Ua","required":0,"step":"1","unit":""},{"dataEnum":"{}","datatype":"decimal","description":"B相电压","enumlist":"","max":"65536","maxlength":10,"method":"R","min":"0","name":"Ub","required":0,"step":"1","unit":""},{"dataEnum":"{}","datatype":"decimal","description":"C相电压","enumlist":"","max":"65536","maxlength":10,"method":"R","min":"0","name":"Uc","required":0,"step":"1","unit":""},{"dataEnum":"{}","datatype":"decimal","description":"A相电流","enumlist":"","max":"65536","maxlength":10,"method":"R","min":"0","name":"Ia","required":0,"step":"1","unit":""},{"dataEnum":"{}","datatype":"decimal","description":"B相电流","enumlist":"","max":"65536","maxlength":10,"method":"R","min":"0","name":"Ib","required":0,"step":"1","unit":""},{"dataEnum":"{}","datatype":"decimal","description":"C相电流","enumlist":"","max":"65536","maxlength":10,"method":"R","min":"0","name":"Ic","required":0,"step":"1","unit":""},{"dataEnum":"{}","datatype":"decimal","description":"零序电流","enumlist":"","max":"65536","maxlength":10,"method":"R","min":"0","name":"In","required":0,"step":"1","unit":""},{"dataEnum":"{}","datatype":"decimal","description":"总有功功率","enumlist":"","max":"65536","maxlength":10,"method":"R","min":"0","name":"a_Pt","required":0,"step":"1","unit":""},{"dataEnum":"{}","datatype":"decimal","description":"总无功功率","enumlist":"","max":"65536","maxlength":10,"method":"R","min":"0","name":"w_Pt","required":0,"step":"1","unit":""},{"dataEnum":"{}","datatype":"decimal","description":"总功率因数","enumlist":"","max":"65536","maxlength":10,"method":"R","min":"0","name":"PFt","required":0,"step":"1","unit":""},{"dataEnum":"{}","datatype":"decimal","description":"总电量","enumlist":"","max":"65536","maxlength":10,"method":"R","min":"0","name":"Et","required":0,"step":"1","unit":""},{"dataEnum":"{}","datatype":"decimal","description":"开关位置","enumlist":"","max":"65536","maxlength":10,"method":"R","min":"0","name":"gear","required":0,"step":"1","unit":""}],"serviceId":"tk_yc_smart_switch","status":0}],"status":0,"version":""}