{"dataFormat":"JSON","deviceType":"Gateway","manufacturerId":"tk","manufacturerName":"tk","model":"tk_gateway","productName":"tk_智能网关","productSerial":"9Ruj2aS16251","productType":1,"protocolType":"MQTT","remark":"","services":[{"commands":[{"description":"gw_shutdown","name":"gw_shutdown","requests":[],"responses":[]}],"description":"gw_sys_info","properties":[{"dataEnum":"{}","datatype":"int","description":"","enumlist":"","max":"65536","maxlength":10,"method":"R","min":"0","name":"cpu","required":1,"step":"1","unit":""},{"dataEnum":"{}","datatype":"int","description":"","enumlist":"","max":"65536","maxlength":10,"method":"R","min":"0","name":"mem","required":1,"step":"1","unit":""}],"serviceId":"gw_sys_info","status":0}],"status":0,"version":""}