{"dataFormat":"JSON","deviceType":"Default","manufacturerId":"tk","manufacturerName":"tk","model":"tkzssw_consumer_meter","productName":"tk_用户电表","productSerial":"tcPKqjFq6257","productType":0,"protocolType":"MQTT","remark":"","services":[{"commands":[],"description":"","properties":[{"dataEnum":"{}","datatype":"decimal","description":"A相电压","enumlist":"","max":"65536","maxlength":10,"method":"R","min":"0","name":"Ua","required":0,"step":"1","unit":""},{"dataEnum":"{}","datatype":"decimal","description":"B相电压","enumlist":"","max":"65536","maxlength":10,"method":"R","min":"0","name":"Ub","required":0,"step":"1","unit":""},{"dataEnum":"{}","datatype":"decimal","description":"C相电压","enumlist":"","max":"65536","maxlength":10,"method":"R","min":"0","name":"Uc","required":0,"step":"1","unit":""},{"dataEnum":"{}","datatype":"decimal","description":"A相电流","enumlist":"","max":"65536","maxlength":10,"method":"R","min":"0","name":"Ia","required":0,"step":"1","unit":""},{"dataEnum":"{}","datatype":"decimal","description":"B相电流","enumlist":"","max":"65536","maxlength":10,"method":"R","min":"0","name":"Ib","required":0,"step":"1","unit":""},{"dataEnum":"{}","datatype":"decimal","description":"C相电流","enumlist":"","max":"65536","maxlength":10,"method":"R","min":"0","name":"Ic","required":0,"step":"1","unit":""},{"dataEnum":"{}","datatype":"decimal","description":"A相有功功率","enumlist":"","max":"65536","maxlength":10,"method":"R","min":"0","name":"a_Pa","required":0,"step":"1","unit":""},{"dataEnum":"{}","datatype":"decimal","description":"B相有功功率","enumlist":"","max":"65536","maxlength":10,"method":"R","min":"0","name":"a_Pb","required":0,"step":"1","unit":""},{"dataEnum":"{}","datatype":"decimal","description":"C相有功功率","enumlist":"","max":"65536","maxlength":10,"method":"R","min":"0","name":"a_Pc","required":0,"step":"1","unit":""},{"dataEnum":"{}","datatype":"decimal","description":"总有功功率","enumlist":"","max":"65536","maxlength":10,"method":"R","min":"0","name":"a_Pt","required":0,"step":"1","unit":""},{"dataEnum":"{}","datatype":"decimal","description":"A相无功功率","enumlist":"","max":"65536","maxlength":10,"method":"R","min":"0","name":"w_Pa","required":0,"step":"1","unit":""},{"dataEnum":"{}","datatype":"decimal","description":"B相无功功率","enumlist":"","max":"65536","maxlength":10,"method":"R","min":"0","name":"w_Pb","required":0,"step":"1","unit":""},{"dataEnum":"{}","datatype":"decimal","description":"C相无功功率","enumlist":"","max":"65536","maxlength":10,"method":"R","min":"0","name":"w_Pc","required":0,"step":"1","unit":""},{"dataEnum":"{}","datatype":"decimal","description":"总无功功率","enumlist":"","max":"65536","maxlength":10,"method":"R","min":"0","name":"w_Pt","required":0,"step":"1","unit":""},{"dataEnum":"{}","datatype":"decimal","description":"A相功率因数","enumlist":"","max":"65536","maxlength":10,"method":"R","min":"0","name":"PFa","required":0,"step":"1","unit":""},{"dataEnum":"{}","datatype":"decimal","description":"B相功率因数","enumlist":"","max":"65536","maxlength":10,"method":"R","min":"0","name":"PFb","required":0,"step":"1","unit":""},{"dataEnum":"{}","datatype":"decimal","description":"C相功率因数","enumlist":"","max":"65536","maxlength":10,"method":"R","min":"0","name":"PFc","required":0,"step":"1","unit":""},{"dataEnum":"{}","datatype":"decimal","description":"总功率因数","enumlist":"","max":"65536","maxlength":10,"method":"R","min":"0","name":"PFt","required":0,"step":"1","unit":""},{"dataEnum":"{}","datatype":"decimal","description":"A相电量","enumlist":"","max":"65536","maxlength":10,"method":"R","min":"0","name":"Ea","required":0,"step":"1","unit":""},{"dataEnum":"{}","datatype":"decimal","description":"B相电量","enumlist":"","max":"65536","maxlength":10,"method":"R","min":"0","name":"Eb","required":0,"step":"1","unit":""},{"dataEnum":"{}","datatype":"decimal","description":"C相电量","enumlist":"","max":"65536","maxlength":10,"method":"R","min":"0","name":"Ec","required":0,"step":"1","unit":""},{"dataEnum":"{}","datatype":"decimal","description":"总电量","enumlist":"","max":"65536","maxlength":10,"method":"R","min":"0","name":"Et","required":0,"step":"1","unit":""}],"serviceId":"tk_yc_consumer_meter","status":0}],"status":0,"version":""}