{"dataFormat":"JSON","deviceType":"Default","manufacturerId":"tk","manufacturerName":"tk","model":"tkzssw_branch_monitor","productName":"tk_分支监测箱","productSerial":"NeRLnmfF6269","productType":0,"protocolType":"MQTT","remark":"","services":[{"commands":[],"description":"","properties":[{"dataEnum":"{}","datatype":"decimal","description":"A相电压","enumlist":"","max":"65536","maxlength":10,"method":"R","min":"0","name":"Ua","required":0,"step":"1","unit":""},{"dataEnum":"{}","datatype":"decimal","description":"B相电压","enumlist":"","max":"65536","maxlength":10,"method":"R","min":"0","name":"Ub","required":0,"step":"1","unit":""},{"dataEnum":"{}","datatype":"decimal","description":"C相电压","enumlist":"","max":"65536","maxlength":10,"method":"R","min":"0","name":"Uc","required":0,"step":"1","unit":""},{"dataEnum":"{}","datatype":"decimal","description":"A相电流\n","enumlist":"","max":"65536","maxlength":10,"method":"R","min":"0","name":"Ia","required":0,"step":"1","unit":""},{"dataEnum":"{}","datatype":"decimal","description":"B相电流","enumlist":"","max":"65536","maxlength":10,"method":"R","min":"0","name":"Ib","required":0,"step":"1","unit":""},{"dataEnum":"{}","datatype":"decimal","description":"C相电流","enumlist":"","max":"65536","maxlength":10,"method":"R","min":"0","name":"Ic","required":0,"step":"1","unit":""},{"dataEnum":"{}","datatype":"decimal","description":"总电量","enumlist":"","max":"65536","maxlength":10,"method":"R","min":"0","name":"Et","required":0,"step":"1","unit":""},{"dataEnum":"{}","datatype":"decimal","description":"日线损","enumlist":"","max":"65536","maxlength":10,"method":"R","min":"0","name":"lineloss_d","required":0,"step":"1","unit":""},{"dataEnum":"{}","datatype":"decimal","description":"月线损","enumlist":"","max":"65536","maxlength":10,"method":"R","min":"0","name":"line_loss_m","required":0,"step":"1","unit":""},{"dataEnum":"{}","datatype":"decimal","description":"日电流三相不平衡","enumlist":"","max":"65536","maxlength":10,"method":"R","min":"0","name":"I_imblc_rt_d","required":0,"step":"1","unit":""}],"serviceId":"tk_yc_branch_monitor","status":0}],"status":0,"version":""}