{"dataFormat":"JSON","deviceType":"Default","manufacturerId":"tk","manufacturerName":"tk","model":"shenwan_public_changer","productName":"tk_公用台变总表","productSerial":"yLP5Vhww6267","productType":0,"protocolType":"MQTT","remark":"","services":[{"commands":[],"description":"","properties":[{"dataEnum":"{}","datatype":"decimal","description":"A相电压","enumlist":"","max":"65536","maxlength":10,"method":"R","min":"0","name":"Ua","required":0,"step":"1","unit":""},{"dataEnum":"{}","datatype":"decimal","description":"B相电压","enumlist":"","max":"65536","maxlength":10,"method":"R","min":"0","name":"Ub","required":0,"step":"1","unit":""},{"dataEnum":"{}","datatype":"decimal","description":"C相电压","enumlist":"","max":"65536","maxlength":10,"method":"R","min":"0","name":"Uc","required":0,"step":"1","unit":""},{"dataEnum":"{}","datatype":"decimal","description":"A相电流","enumlist":"","max":"65536","maxlength":10,"method":"R","min":"0","name":"Ia","required":0,"step":"1","unit":""},{"dataEnum":"{}","datatype":"decimal","description":"B相电流","enumlist":"","max":"65536","maxlength":10,"method":"R","min":"0","name":"Ib","required":0,"step":"1","unit":""},{"dataEnum":"{}","datatype":"decimal","description":"C相电流","enumlist":"","max":"65536","maxlength":10,"method":"R","min":"0","name":"Ic","required":0,"step":"1","unit":""},{"dataEnum":"{}","datatype":"decimal","description":"A相有功功率","enumlist":"","max":"65536","maxlength":10,"method":"R","min":"0","name":"a_Pa","required":0,"step":"1","unit":""},{"dataEnum":"{}","datatype":"decimal","description":"B相有功功率","enumlist":"","max":"65536","maxlength":10,"method":"R","min":"0","name":"a_Pb","required":0,"step":"1","unit":""},{"dataEnum":"{}","datatype":"decimal","description":"C相有功功率","enumlist":"","max":"65536","maxlength":10,"method":"R","min":"0","name":"a_Pc","required":0,"step":"1","unit":""},{"dataEnum":"{}","datatype":"decimal","description":"总有功功率","enumlist":"","max":"65536","maxlength":10,"method":"R","min":"0","name":"a_Pt","required":0,"step":"1","unit":""},{"dataEnum":"{}","datatype":"decimal","description":"A相无功功率","enumlist":"","max":"65536","maxlength":10,"method":"R","min":"0","name":"w_Pa","required":0,"step":"1","unit":""},{"dataEnum":"{}","datatype":"decimal","description":"B相无功功率","enumlist":"","max":"65536","maxlength":10,"method":"R","min":"0","name":"w_Pb","required":0,"step":"1","unit":""},{"dataEnum":"{}","datatype":"decimal","description":"C相无功功率","enumlist":"","max":"65536","maxlength":10,"method":"R","min":"0","name":"w_Pc","required":0,"step":"1","unit":""},{"dataEnum":"{}","datatype":"decimal","description":"总无功功率","enumlist":"","max":"65536","maxlength":10,"method":"R","min":"0","name":"w_Pt","required":0,"step":"1","unit":""},{"dataEnum":"{}","datatype":"decimal","description":"A相功率因数","enumlist":"","max":"65536","maxlength":10,"method":"R","min":"0","name":"PFa","required":0,"step":"1","unit":""},{"dataEnum":"{}","datatype":"decimal","description":"B相功率因数","enumlist":"","max":"65536","maxlength":10,"method":"R","min":"0","name":"PFb","required":0,"step":"1","unit":""},{"dataEnum":"{}","datatype":"decimal","description":"C相功率因数","enumlist":"","max":"65536","maxlength":10,"method":"R","min":"0","name":"PFc","required":0,"step":"1","unit":""},{"dataEnum":"{}","datatype":"decimal","description":"总功率因数","enumlist":"","max":"65536","maxlength":10,"method":"R","min":"0","name":"PFt","required":0,"step":"1","unit":""},{"dataEnum":"{}","datatype":"decimal","description":"A相电量","enumlist":"","max":"65536","maxlength":10,"method":"R","min":"0","name":"Ea","required":0,"step":"1","unit":""},{"dataEnum":"{}","datatype":"decimal","description":"B相电量","enumlist":"","max":"65536","maxlength":10,"method":"R","min":"0","name":"Eb","required":0,"step":"1","unit":""},{"dataEnum":"{}","datatype":"decimal","description":"C相电量","enumlist":"","max":"65536","maxlength":10,"method":"R","min":"0","name":"Ec","required":0,"step":"1","unit":""},{"dataEnum":"{}","datatype":"decimal","description":"总电量","enumlist":"","max":"65536","maxlength":10,"method":"R","min":"0","name":"Et","required":0,"step":"1","unit":""},{"dataEnum":"{}","datatype":"decimal","description":"日三相电流不平衡度","enumlist":"","max":"65536","maxlength":10,"method":"R","min":"0","name":"imblc_rt_Id","required":0,"step":"1","unit":""},{"dataEnum":"{}","datatype":"decimal","description":"月三相电流不平衡度","enumlist":"","max":"65536","maxlength":10,"method":"R","min":"0","name":"imblc_rt_Im","required":0,"step":"1","unit":""},{"dataEnum":"{}","datatype":"decimal","description":"年三相电流不平衡度","enumlist":"","max":"65536","maxlength":10,"method":"R","min":"0","name":"imblc_rt_Iy","required":0,"step":"1","unit":""},{"dataEnum":"{}","datatype":"decimal","description":"日电压越上限率","enumlist":"","max":"65536","maxlength":10,"method":"R","min":"0","name":"up_rt_Ud","required":0,"step":"1","unit":""},{"dataEnum":"{}","datatype":"decimal","description":"月电压越上限率","enumlist":"","max":"65536","maxlength":10,"method":"R","min":"0","name":"up_rt_Um","required":0,"step":"1","unit":""},{"dataEnum":"{}","datatype":"decimal","description":"年电压越上限率","enumlist":"","max":"65536","maxlength":10,"method":"R","min":"0","name":"up_rt_Uy","required":0,"step":"1","unit":""},{"dataEnum":"{}","datatype":"decimal","description":"日电压越下限率","enumlist":"","max":"65536","maxlength":10,"method":"R","min":"0","name":"low_rt_Ud","required":0,"step":"1","unit":""},{"dataEnum":"{}","datatype":"decimal","description":"月电压越下限率","enumlist":"","max":"65536","maxlength":10,"method":"R","min":"0","name":"low_rt_Um","required":0,"step":"1","unit":""},{"dataEnum":"{}","datatype":"decimal","description":"年电压越下限率","enumlist":"","max":"65536","maxlength":10,"method":"R","min":"0","name":"low_rt_Uy","required":0,"step":"1","unit":""},{"dataEnum":"{}","datatype":"decimal","description":"日电压合格率","enumlist":"","max":"65536","maxlength":10,"method":"R","min":"0","name":"pass_rt_Ud","required":0,"step":"1","unit":""},{"dataEnum":"{}","datatype":"decimal","description":"月电压合格率","enumlist":"","max":"65536","maxlength":10,"method":"R","min":"0","name":"pass_rt_Um","required":0,"step":"1","unit":""},{"dataEnum":"{}","datatype":"decimal","description":"年电压合格率","enumlist":"","max":"65536","maxlength":10,"method":"R","min":"0","name":"pass_rt_Uy","required":0,"step":"1","unit":""},{"dataEnum":"{}","datatype":"decimal","description":"日负载率","enumlist":"","max":"65536","maxlength":10,"method":"R","min":"0","name":"load_rt_d","required":0,"step":"1","unit":""},{"dataEnum":"{}","datatype":"decimal","description":"月负载率","enumlist":"","max":"65536","maxlength":10,"method":"R","min":"0","name":"load_rt_m","required":0,"step":"1","unit":""},{"dataEnum":"{}","datatype":"decimal","description":"年负载率","enumlist":"","max":"65536","maxlength":10,"method":"R","min":"0","name":"load_rt_y","required":0,"step":"1","unit":""},{"dataEnum":"{}","datatype":"decimal","description":"日线损","enumlist":"","max":"65536","maxlength":10,"method":"R","min":"0","name":"lineloss_d","required":0,"step":"1","unit":""},{"dataEnum":"{}","datatype":"decimal","description":"月线损","enumlist":"","max":"65536","maxlength":10,"method":"R","min":"0","name":"lineloss_m","required":0,"step":"1","unit":""}],"serviceId":"tk_yc_public_changer","status":0}],"status":0,"version":""}