{"dataFormat":"JSON","deviceType":"sensor","manufacturerId":"tk","manufacturerName":"tk","model":"tkzssw_smokesensor","productName":"tk_环境烟雾传感器","productSerial":"q9G9puZC6259","productType":0,"protocolType":"MQTT","remark":"","services":[{"commands":[],"description":"","properties":[{"dataEnum":"{}","datatype":"int","description":"告警状态","enumlist":"","max":"65536","maxlength":10,"method":"R","min":"0","name":"smoke","required":0,"step":"1","unit":""}],"serviceId":"tk_yc_smokesensor","status":0}],"status":0,"version":""}